stage,scenario,method,metric,value,source_path
21,CONTROL,PPO,success_rate,0.9674,results/stage21_external_validity/fault_robustness_locked_summary.json
21,CONTROL,PPO,reward,-257.4275537830069,results/stage21_external_validity/fault_robustness_locked_summary.json
21,CONTROL,PPO,successful_throughput_tasks_per_hour,68.59959483778698,results/stage21_external_validity/fault_robustness_locked_summary.json
21,CONTROL,PPO,mean_waiting_time,105.2816000211608,results/stage21_external_validity/fault_robustness_locked_summary.json
21,CONTROL,PPO,p95_waiting_time,446.38961459034704,results/stage21_external_validity/fault_robustness_locked_summary.json
21,CONTROL,PPO,mean_flow_time,149.50918273179047,results/stage21_external_validity/fault_robustness_locked_summary.json
21,CONTROL,PPO,p95_flow_time,497.3777025043323,results/stage21_external_validity/fault_robustness_locked_summary.json
21,CONTROL,PPO,distance_per_task,72.00440988430643,results/stage21_external_validity/fault_robustness_locked_summary.json
21,CONTROL,PPO,recovery_time_s,,results/stage21_external_validity/fault_robustness_locked_summary.json
21,CONTROL,TIME_GREEDY_RULE,success_rate,0.9672499999999999,results/stage21_external_validity/fault_robustness_locked_summary.json
21,CONTROL,TIME_GREEDY_RULE,reward,-352.74870896398386,results/stage21_external_validity/fault_robustness_locked_summary.json
21,CONTROL,TIME_GREEDY_RULE,successful_throughput_tasks_per_hour,68.57873363395203,results/stage21_external_validity/fault_robustness_locked_summary.json
21,CONTROL,TIME_GREEDY_RULE,mean_waiting_time,137.70259488966843,results/stage21_external_validity/fault_robustness_locked_summary.json
21,CONTROL,TIME_GREEDY_RULE,p95_waiting_time,580.7977944264721,results/stage21_external_validity/fault_robustness_locked_summary.json
21,CONTROL,TIME_GREEDY_RULE,mean_flow_time,180.9085879210785,results/stage21_external_validity/fault_robustness_locked_summary.json
21,CONTROL,TIME_GREEDY_RULE,p95_flow_time,615.1140687889582,results/stage21_external_validity/fault_robustness_locked_summary.json
21,CONTROL,TIME_GREEDY_RULE,distance_per_task,72.42475042970639,results/stage21_external_validity/fault_robustness_locked_summary.json
21,CONTROL,TIME_GREEDY_RULE,recovery_time_s,,results/stage21_external_validity/fault_robustness_locked_summary.json
21,CONTROL,SINGLE_DOG_ONLY,success_rate,0.9660000000000001,results/stage21_external_validity/fault_robustness_locked_summary.json
21,CONTROL,SINGLE_DOG_ONLY,reward,-839.4078578934276,results/stage21_external_validity/fault_robustness_locked_summary.json
21,CONTROL,SINGLE_DOG_ONLY,successful_throughput_tasks_per_hour,67.91259388649576,results/stage21_external_validity/fault_robustness_locked_summary.json
21,CONTROL,SINGLE_DOG_ONLY,mean_waiting_time,295.8554872686368,results/stage21_external_validity/fault_robustness_locked_summary.json
21,CONTROL,SINGLE_DOG_ONLY,p95_waiting_time,1142.166894712646,results/stage21_external_validity/fault_robustness_locked_summary.json
21,CONTROL,SINGLE_DOG_ONLY,mean_flow_time,353.56295192211445,results/stage21_external_validity/fault_robustness_locked_summary.json
21,CONTROL,SINGLE_DOG_ONLY,p95_flow_time,1174.4728635324195,results/stage21_external_validity/fault_robustness_locked_summary.json
21,CONTROL,SINGLE_DOG_ONLY,distance_per_task,46.16597172278215,results/stage21_external_validity/fault_robustness_locked_summary.json
21,CONTROL,SINGLE_DOG_ONLY,recovery_time_s,,results/stage21_external_validity/fault_robustness_locked_summary.json
21,NAVIGATION_FAILURE,PPO,success_rate,0.8869625000000001,results/stage21_external_validity/fault_robustness_locked_summary.json
21,NAVIGATION_FAILURE,PPO,reward,-303.67661890653824,results/stage21_external_validity/fault_robustness_locked_summary.json
21,NAVIGATION_FAILURE,PPO,successful_throughput_tasks_per_hour,62.878928190103586,results/stage21_external_validity/fault_robustness_locked_summary.json
21,NAVIGATION_FAILURE,PPO,mean_waiting_time,111.64506947923762,results/stage21_external_validity/fault_robustness_locked_summary.json
21,NAVIGATION_FAILURE,PPO,p95_waiting_time,467.530019609611,results/stage21_external_validity/fault_robustness_locked_summary.json
21,NAVIGATION_FAILURE,PPO,mean_flow_time,157.0376492776383,results/stage21_external_validity/fault_robustness_locked_summary.json
21,NAVIGATION_FAILURE,PPO,p95_flow_time,520.1553235818104,results/stage21_external_validity/fault_robustness_locked_summary.json
21,NAVIGATION_FAILURE,PPO,distance_per_task,72.52130516676577,results/stage21_external_validity/fault_robustness_locked_summary.json
21,NAVIGATION_FAILURE,PPO,recovery_time_s,35.93448894467113,results/stage21_external_validity/fault_robustness_locked_summary.json
21,NAVIGATION_FAILURE,TIME_GREEDY_RULE,success_rate,0.8858750000000001,results/stage21_external_validity/fault_robustness_locked_summary.json
21,NAVIGATION_FAILURE,TIME_GREEDY_RULE,reward,-404.6972449361047,results/stage21_external_validity/fault_robustness_locked_summary.json
21,NAVIGATION_FAILURE,TIME_GREEDY_RULE,successful_throughput_tasks_per_hour,62.79665796785562,results/stage21_external_validity/fault_robustness_locked_summary.json
21,NAVIGATION_FAILURE,TIME_GREEDY_RULE,mean_waiting_time,146.07490305451265,results/stage21_external_validity/fault_robustness_locked_summary.json
21,NAVIGATION_FAILURE,TIME_GREEDY_RULE,p95_waiting_time,606.040039324046,results/stage21_external_validity/fault_robustness_locked_summary.json
21,NAVIGATION_FAILURE,TIME_GREEDY_RULE,mean_flow_time,190.41971790753902,results/stage21_external_validity/fault_robustness_locked_summary.json
21,NAVIGATION_FAILURE,TIME_GREEDY_RULE,p95_flow_time,639.826762598224,results/stage21_external_validity/fault_robustness_locked_summary.json
21,NAVIGATION_FAILURE,TIME_GREEDY_RULE,distance_per_task,73.00691470555167,results/stage21_external_validity/fault_robustness_locked_summary.json
21,NAVIGATION_FAILURE,TIME_GREEDY_RULE,recovery_time_s,34.10002503324439,results/stage21_external_validity/fault_robustness_locked_summary.json
21,NAVIGATION_FAILURE,SINGLE_DOG_ONLY,success_rate,0.891125,results/stage21_external_validity/fault_robustness_locked_summary.json
21,NAVIGATION_FAILURE,SINGLE_DOG_ONLY,reward,-896.2726898003351,results/stage21_external_validity/fault_robustness_locked_summary.json
21,NAVIGATION_FAILURE,SINGLE_DOG_ONLY,successful_throughput_tasks_per_hour,62.661952118218814,results/stage21_external_validity/fault_robustness_locked_summary.json
21,NAVIGATION_FAILURE,SINGLE_DOG_ONLY,mean_waiting_time,308.2808196366844,results/stage21_external_validity/fault_robustness_locked_summary.json
21,NAVIGATION_FAILURE,SINGLE_DOG_ONLY,p95_waiting_time,1200.0036089620894,results/stage21_external_validity/fault_robustness_locked_summary.json
21,NAVIGATION_FAILURE,SINGLE_DOG_ONLY,mean_flow_time,366.92601251783867,results/stage21_external_validity/fault_robustness_locked_summary.json
21,NAVIGATION_FAILURE,SINGLE_DOG_ONLY,p95_flow_time,1230.1431560308672,results/stage21_external_validity/fault_robustness_locked_summary.json
21,NAVIGATION_FAILURE,SINGLE_DOG_ONLY,distance_per_task,46.05815430492349,results/stage21_external_validity/fault_robustness_locked_summary.json
21,NAVIGATION_FAILURE,SINGLE_DOG_ONLY,recovery_time_s,47.5644699102194,results/stage21_external_validity/fault_robustness_locked_summary.json
21,STAIR_OUTAGE,PPO,success_rate,0.9672250000000001,results/stage21_external_validity/fault_robustness_locked_summary.json
21,STAIR_OUTAGE,PPO,reward,-265.8258443885897,results/stage21_external_validity/fault_robustness_locked_summary.json
21,STAIR_OUTAGE,PPO,successful_throughput_tasks_per_hour,68.57722885486685,results/stage21_external_validity/fault_robustness_locked_summary.json
21,STAIR_OUTAGE,PPO,mean_waiting_time,107.69292730500916,results/stage21_external_validity/fault_robustness_locked_summary.json
21,STAIR_OUTAGE,PPO,p95_waiting_time,455.09373240495916,results/stage21_external_validity/fault_robustness_locked_summary.json
21,STAIR_OUTAGE,PPO,mean_flow_time,152.2841256564662,results/stage21_external_validity/fault_robustness_locked_summary.json
21,STAIR_OUTAGE,PPO,p95_flow_time,507.1796575356878,results/stage21_external_validity/fault_robustness_locked_summary.json
21,STAIR_OUTAGE,PPO,distance_per_task,73.36744000799858,results/stage21_external_validity/fault_robustness_locked_summary.json
21,STAIR_OUTAGE,PPO,recovery_time_s,32.69013790852932,results/stage21_external_validity/fault_robustness_locked_summary.json
21,STAIR_OUTAGE,TIME_GREEDY_RULE,success_rate,0.9667499999999998,results/stage21_external_validity/fault_robustness_locked_summary.json
21,STAIR_OUTAGE,TIME_GREEDY_RULE,reward,-360.26543235970604,results/stage21_external_validity/fault_robustness_locked_summary.json
21,STAIR_OUTAGE,TIME_GREEDY_RULE,successful_throughput_tasks_per_hour,68.55139020004096,results/stage21_external_validity/fault_robustness_locked_summary.json
21,STAIR_OUTAGE,TIME_GREEDY_RULE,mean_waiting_time,139.85441669824814,results/stage21_external_validity/fault_robustness_locked_summary.json
21,STAIR_OUTAGE,TIME_GREEDY_RULE,p95_waiting_time,584.8550997825574,results/stage21_external_validity/fault_robustness_locked_summary.json
21,STAIR_OUTAGE,TIME_GREEDY_RULE,mean_flow_time,183.4091306438039,results/stage21_external_validity/fault_robustness_locked_summary.json
21,STAIR_OUTAGE,TIME_GREEDY_RULE,p95_flow_time,619.4478621057934,results/stage21_external_validity/fault_robustness_locked_summary.json
21,STAIR_OUTAGE,TIME_GREEDY_RULE,distance_per_task,73.76773948854392,results/stage21_external_validity/fault_robustness_locked_summary.json
21,STAIR_OUTAGE,TIME_GREEDY_RULE,recovery_time_s,33.39222928022365,results/stage21_external_validity/fault_robustness_locked_summary.json
21,STAIR_OUTAGE,SINGLE_DOG_ONLY,success_rate,0.9616250000000001,results/stage21_external_validity/fault_robustness_locked_summary.json
21,STAIR_OUTAGE,SINGLE_DOG_ONLY,reward,-913.7867411247782,results/stage21_external_validity/fault_robustness_locked_summary.json
21,STAIR_OUTAGE,SINGLE_DOG_ONLY,successful_throughput_tasks_per_hour,67.4809824470486,results/stage21_external_validity/fault_robustness_locked_summary.json
21,STAIR_OUTAGE,SINGLE_DOG_ONLY,mean_waiting_time,321.6426892738786,results/stage21_external_validity/fault_robustness_locked_summary.json
21,STAIR_OUTAGE,SINGLE_DOG_ONLY,p95_waiting_time,1249.8629198860885,results/stage21_external_validity/fault_robustness_locked_summary.json
21,STAIR_OUTAGE,SINGLE_DOG_ONLY,mean_flow_time,380.3335080093789,results/stage21_external_validity/fault_robustness_locked_summary.json
21,STAIR_OUTAGE,SINGLE_DOG_ONLY,p95_flow_time,1280.3280509114056,results/stage21_external_validity/fault_robustness_locked_summary.json
21,STAIR_OUTAGE,SINGLE_DOG_ONLY,distance_per_task,46.95265498840016,results/stage21_external_validity/fault_robustness_locked_summary.json
21,STAIR_OUTAGE,SINGLE_DOG_ONLY,recovery_time_s,36.105497616654446,results/stage21_external_validity/fault_robustness_locked_summary.json
21,ROBOT_OUTAGE,PPO,success_rate,0.9678625,results/stage21_external_validity/fault_robustness_locked_summary.json
21,ROBOT_OUTAGE,PPO,reward,-269.3424904158073,results/stage21_external_validity/fault_robustness_locked_summary.json
21,ROBOT_OUTAGE,PPO,successful_throughput_tasks_per_hour,68.62128038462117,results/stage21_external_validity/fault_robustness_locked_summary.json
21,ROBOT_OUTAGE,PPO,mean_waiting_time,108.97245700268782,results/stage21_external_validity/fault_robustness_locked_summary.json
21,ROBOT_OUTAGE,PPO,p95_waiting_time,452.83554340472045,results/stage21_external_validity/fault_robustness_locked_summary.json
21,ROBOT_OUTAGE,PPO,mean_flow_time,153.37117396490748,results/stage21_external_validity/fault_robustness_locked_summary.json
21,ROBOT_OUTAGE,PPO,p95_flow_time,504.5765316366091,results/stage21_external_validity/fault_robustness_locked_summary.json
21,ROBOT_OUTAGE,PPO,distance_per_task,71.86572929721564,results/stage21_external_validity/fault_robustness_locked_summary.json
21,ROBOT_OUTAGE,PPO,recovery_time_s,33.45961938295262,results/stage21_external_validity/fault_robustness_locked_summary.json
21,ROBOT_OUTAGE,TIME_GREEDY_RULE,success_rate,0.9673749999999999,results/stage21_external_validity/fault_robustness_locked_summary.json
21,ROBOT_OUTAGE,TIME_GREEDY_RULE,reward,-357.1012326978312,results/stage21_external_validity/fault_robustness_locked_summary.json
21,ROBOT_OUTAGE,TIME_GREEDY_RULE,successful_throughput_tasks_per_hour,68.60426338541498,results/stage21_external_validity/fault_robustness_locked_summary.json
21,ROBOT_OUTAGE,TIME_GREEDY_RULE,mean_waiting_time,138.73346272453475,results/stage21_external_validity/fault_robustness_locked_summary.json
21,ROBOT_OUTAGE,TIME_GREEDY_RULE,p95_waiting_time,575.4897046016171,results/stage21_external_validity/fault_robustness_locked_summary.json
21,ROBOT_OUTAGE,TIME_GREEDY_RULE,mean_flow_time,182.09176636168854,results/stage21_external_validity/fault_robustness_locked_summary.json
21,ROBOT_OUTAGE,TIME_GREEDY_RULE,p95_flow_time,608.9729200219818,results/stage21_external_validity/fault_robustness_locked_summary.json
21,ROBOT_OUTAGE,TIME_GREEDY_RULE,distance_per_task,72.36448125621646,results/stage21_external_validity/fault_robustness_locked_summary.json
21,ROBOT_OUTAGE,TIME_GREEDY_RULE,recovery_time_s,32.98328986651163,results/stage21_external_validity/fault_robustness_locked_summary.json
21,ROBOT_OUTAGE,SINGLE_DOG_ONLY,success_rate,0.964375,results/stage21_external_validity/fault_robustness_locked_summary.json
21,ROBOT_OUTAGE,SINGLE_DOG_ONLY,reward,-872.5824781477511,results/stage21_external_validity/fault_robustness_locked_summary.json
21,ROBOT_OUTAGE,SINGLE_DOG_ONLY,successful_throughput_tasks_per_hour,67.76549988237966,results/stage21_external_validity/fault_robustness_locked_summary.json
21,ROBOT_OUTAGE,SINGLE_DOG_ONLY,mean_waiting_time,307.8136762735695,results/stage21_external_validity/fault_robustness_locked_summary.json
21,ROBOT_OUTAGE,SINGLE_DOG_ONLY,p95_waiting_time,1199.8075792376483,results/stage21_external_validity/fault_robustness_locked_summary.json
21,ROBOT_OUTAGE,SINGLE_DOG_ONLY,mean_flow_time,365.56256099706576,results/stage21_external_validity/fault_robustness_locked_summary.json
21,ROBOT_OUTAGE,SINGLE_DOG_ONLY,p95_flow_time,1232.3199316425637,results/stage21_external_validity/fault_robustness_locked_summary.json
21,ROBOT_OUTAGE,SINGLE_DOG_ONLY,distance_per_task,46.199107778797,results/stage21_external_validity/fault_robustness_locked_summary.json
21,ROBOT_OUTAGE,SINGLE_DOG_ONLY,recovery_time_s,37.44351507871938,results/stage21_external_validity/fault_robustness_locked_summary.json
