profile,training_seed,phase,cdc_share_percent,aggregate_ci95_low_percent,aggregate_ci95_high_percent
MEDIUM,1,NORMAL,20.9,19.490000000000002,21.97
MEDIUM,2,NORMAL,21.55,19.490000000000002,21.97
MEDIUM,3,NORMAL,20.199999999999996,19.490000000000002,21.97
MEDIUM,4,NORMAL,19.999999999999996,19.490000000000002,21.97
MEDIUM,5,NORMAL,19.499999999999996,19.490000000000002,21.97
MEDIUM,6,NORMAL,20.65,19.490000000000002,21.97
MEDIUM,7,NORMAL,22.999999999999996,19.490000000000002,21.97
MEDIUM,8,NORMAL,23.5,19.490000000000002,21.97
MEDIUM,9,NORMAL,20.199999999999996,19.490000000000002,21.97
MEDIUM,10,NORMAL,17.6,19.490000000000002,21.97
MEDIUM,1,DENSE,4.45,4.019874999999999,8.520124999999998
MEDIUM,2,DENSE,2.7499999999999996,4.019874999999999,8.520124999999998
MEDIUM,3,DENSE,3.9999999999999996,4.019874999999999,8.520124999999998
MEDIUM,4,DENSE,2.5499999999999994,4.019874999999999,8.520124999999998
MEDIUM,5,DENSE,5.149999999999999,4.019874999999999,8.520124999999998
MEDIUM,6,DENSE,10.800000000000002,4.019874999999999,8.520124999999998
MEDIUM,7,DENSE,13.200000000000001,4.019874999999999,8.520124999999998
MEDIUM,8,DENSE,4.7,4.019874999999999,8.520124999999998
MEDIUM,9,DENSE,9.700000000000005,4.019874999999999,8.520124999999998
MEDIUM,10,DENSE,3.5000000000000004,4.019874999999999,8.520124999999998
MEDIUM,1,BURST,2.25,2.754875,7.6801249999999985
MEDIUM,2,BURST,0.8500000000000001,2.754875,7.6801249999999985
MEDIUM,3,BURST,9.85,2.754875,7.6801249999999985
MEDIUM,4,BURST,0.6500000000000001,2.754875,7.6801249999999985
MEDIUM,5,BURST,3.25,2.754875,7.6801249999999985
MEDIUM,6,BURST,10.35,2.754875,7.6801249999999985
MEDIUM,7,BURST,10.4,2.754875,7.6801249999999985
MEDIUM,8,BURST,4.199999999999999,2.754875,7.6801249999999985
MEDIUM,9,BURST,8.750000000000002,2.754875,7.6801249999999985
MEDIUM,10,BURST,1.15,2.754875,7.6801249999999985
MEDIUM,1,RECOVERY,1.8500000000000003,2.3948750000000003,10.960124999999996
MEDIUM,2,RECOVERY,0.6000000000000001,2.3948750000000003,10.960124999999996
MEDIUM,3,RECOVERY,22.949999999999996,2.3948750000000003,10.960124999999996
MEDIUM,4,RECOVERY,0.45000000000000007,2.3948750000000003,10.960124999999996
MEDIUM,5,RECOVERY,0.9000000000000001,2.3948750000000003,10.960124999999996
MEDIUM,6,RECOVERY,6.5,2.3948750000000003,10.960124999999996
MEDIUM,7,RECOVERY,10.000000000000002,2.3948750000000003,10.960124999999996
MEDIUM,8,RECOVERY,3.85,2.3948750000000003,10.960124999999996
MEDIUM,9,RECOVERY,12.55,2.3948750000000003,10.960124999999996
MEDIUM,10,RECOVERY,1.7500000000000002,2.3948750000000003,10.960124999999996
DENSE,1,NORMAL,31.95,29.599874999999994,34.214999999999996
DENSE,2,NORMAL,33.79999999999999,29.599874999999994,34.214999999999996
DENSE,3,NORMAL,34.95000000000001,29.599874999999994,34.214999999999996
DENSE,4,NORMAL,32.85,29.599874999999994,34.214999999999996
DENSE,5,NORMAL,26.849999999999994,29.599874999999994,34.214999999999996
DENSE,6,NORMAL,34.550000000000004,29.599874999999994,34.214999999999996
DENSE,7,NORMAL,34.5,29.599874999999994,34.214999999999996
DENSE,8,NORMAL,23.55,29.599874999999994,34.214999999999996
DENSE,9,NORMAL,35.00000000000001,29.599874999999994,34.214999999999996
DENSE,10,NORMAL,34.2,29.599874999999994,34.214999999999996
DENSE,1,DENSE,18.999999999999996,15.955000000000002,26.239999999999995
DENSE,2,DENSE,23.75,15.955000000000002,26.239999999999995
DENSE,3,DENSE,30.700000000000006,15.955000000000002,26.239999999999995
DENSE,4,DENSE,17.649999999999995,15.955000000000002,26.239999999999995
DENSE,5,DENSE,10.8,15.955000000000002,26.239999999999995
DENSE,6,DENSE,25.95,15.955000000000002,26.239999999999995
DENSE,7,DENSE,25.1,15.955000000000002,26.239999999999995
DENSE,8,DENSE,4.449999999999999,15.955000000000002,26.239999999999995
DENSE,9,DENSE,32.55,15.955000000000002,26.239999999999995
DENSE,10,DENSE,23.65,15.955000000000002,26.239999999999995
DENSE,1,BURST,17.849999999999998,14.769874999999999,24.339999999999996
DENSE,2,BURST,23.699999999999996,14.769874999999999,24.339999999999996
DENSE,3,BURST,28.300000000000004,14.769874999999999,24.339999999999996
DENSE,4,BURST,16.05,14.769874999999999,24.339999999999996
DENSE,5,BURST,10.750000000000002,14.769874999999999,24.339999999999996
DENSE,6,BURST,24.549999999999997,14.769874999999999,24.339999999999996
DENSE,7,BURST,21.899999999999995,14.769874999999999,24.339999999999996
DENSE,8,BURST,3.4499999999999997,14.769874999999999,24.339999999999996
DENSE,9,BURST,30.65,14.769874999999999,24.339999999999996
DENSE,10,BURST,21.549999999999997,14.769874999999999,24.339999999999996
DENSE,1,RECOVERY,11.799999999999999,10.359875,18.439999999999998
DENSE,2,RECOVERY,16.25,10.359875,18.439999999999998
DENSE,3,RECOVERY,20.099999999999998,10.359875,18.439999999999998
DENSE,4,RECOVERY,9.899999999999999,10.359875,18.439999999999998
DENSE,5,RECOVERY,6.2,10.359875,18.439999999999998
DENSE,6,RECOVERY,18.299999999999994,10.359875,18.439999999999998
DENSE,7,RECOVERY,17.699999999999996,10.359875,18.439999999999998
DENSE,8,RECOVERY,2.15,10.359875,18.439999999999998
DENSE,9,RECOVERY,23.95,10.359875,18.439999999999998
DENSE,10,RECOVERY,19.499999999999996,10.359875,18.439999999999998
BURST,1,NORMAL,29.2,28.42,34.30999999999999
BURST,2,NORMAL,33.65000000000001,28.42,34.30999999999999
BURST,3,NORMAL,23.650000000000002,28.42,34.30999999999999
BURST,4,NORMAL,35.2,28.42,34.30999999999999
BURST,5,NORMAL,35.400000000000006,28.42,34.30999999999999
BURST,6,NORMAL,34.650000000000006,28.42,34.30999999999999
BURST,7,NORMAL,34.15,28.42,34.30999999999999
BURST,8,NORMAL,33.8,28.42,34.30999999999999
BURST,9,NORMAL,21.75,28.42,34.30999999999999
BURST,10,NORMAL,34.7,28.42,34.30999999999999
BURST,1,DENSE,9.05,14.684750000000005,26.884999999999998
BURST,2,DENSE,24.799999999999997,14.684750000000005,26.884999999999998
BURST,3,DENSE,6.800000000000001,14.684750000000005,26.884999999999998
BURST,4,DENSE,32.85,14.684750000000005,26.884999999999998
BURST,5,DENSE,33.25,14.684750000000005,26.884999999999998
BURST,6,DENSE,28.000000000000004,14.684750000000005,26.884999999999998
BURST,7,DENSE,22.150000000000002,14.684750000000005,26.884999999999998
BURST,8,DENSE,22.45,14.684750000000005,26.884999999999998
BURST,9,DENSE,4.6499999999999995,14.684750000000005,26.884999999999998
BURST,10,DENSE,26.349999999999994,14.684750000000005,26.884999999999998
BURST,1,BURST,6.699999999999999,13.509875,23.845124999999996
BURST,2,BURST,21.349999999999994,13.509875,23.845124999999996
BURST,3,BURST,11.95,13.509875,23.845124999999996
BURST,4,BURST,30.099999999999998,13.509875,23.845124999999996
BURST,5,BURST,28.4,13.509875,23.845124999999996
BURST,6,BURST,25.1,13.509875,23.845124999999996
BURST,7,BURST,20.199999999999996,13.509875,23.845124999999996
BURST,8,BURST,20.8,13.509875,23.845124999999996
BURST,9,BURST,3.4499999999999997,13.509875,23.845124999999996
BURST,10,BURST,20.599999999999998,13.509875,23.845124999999996
BURST,1,RECOVERY,7.199999999999999,9.85,20.875249999999994
BURST,2,RECOVERY,18.299999999999997,9.85,20.875249999999994
BURST,3,RECOVERY,2.05,9.85,20.875249999999994
BURST,4,RECOVERY,21.449999999999996,9.85,20.875249999999994
BURST,5,RECOVERY,32.4,9.85,20.875249999999994
BURST,6,RECOVERY,21.9,9.85,20.875249999999994
BURST,7,RECOVERY,14.000000000000002,9.85,20.875249999999994
BURST,8,RECOVERY,16.749999999999996,9.85,20.875249999999994
BURST,9,RECOVERY,2.55,9.85,20.875249999999994
BURST,10,RECOVERY,16.05,9.85,20.875249999999994
TIME_GREEDY_RULE,,NORMAL,35.00000000000001,,
TIME_GREEDY_RULE,,DENSE,34.85000000000001,,
TIME_GREEDY_RULE,,BURST,33.15,,
TIME_GREEDY_RULE,,RECOVERY,29.549999999999997,,
