"scenario","comparison","metric","difference","ci95_low","ci95_high","training_seed_count","test_seed_count"
"CONTROL","PPO_MINUS_TIME_GREEDY_RULE","success_rate",0.0001499999999999978,-0.0022003125000000096,0.0025999999999999977,10,100
"CONTROL","PPO_MINUS_TIME_GREEDY_RULE","reward",95.32115518097704,77.12420341588385,113.7825650191408,10,100
"CONTROL","PPO_MINUS_TIME_GREEDY_RULE","successful_throughput_tasks_per_hour",0.02086120383494982,-0.13620972329900072,0.16785212380285086,10,100
"CONTROL","PPO_MINUS_TIME_GREEDY_RULE","mean_waiting_time",-32.420994868507634,-37.90827336585528,-26.88228481210835,10,100
"CONTROL","PPO_MINUS_TIME_GREEDY_RULE","p95_waiting_time",-134.4081798361251,-161.23553695300495,-109.31503954056573,10,100
"CONTROL","PPO_MINUS_TIME_GREEDY_RULE","mean_flow_time",-31.399405189288057,-37.68300073061407,-25.20660129564585,10,100
"CONTROL","PPO_MINUS_TIME_GREEDY_RULE","p95_flow_time",-117.73636628462583,-142.70030931526514,-93.54668827172893,10,100
"CONTROL","PPO_MINUS_TIME_GREEDY_RULE","distance_per_task",-0.4203405453999644,-2.5608032165200076,1.725276459333136,10,100
"CONTROL","PPO_MINUS_SINGLE_DOG_ONLY","success_rate",0.001399999999999999,-0.008137500000000008,0.011875312499999997,10,100
"CONTROL","PPO_MINUS_SINGLE_DOG_ONLY","reward",581.9803041104207,525.7350105566398,639.582996180048,10,100
"CONTROL","PPO_MINUS_SINGLE_DOG_ONLY","successful_throughput_tasks_per_hour",0.6870009512912196,-0.09864199135053105,1.5620686834532267,10,100
"CONTROL","PPO_MINUS_SINGLE_DOG_ONLY","mean_waiting_time",-190.57388724747602,-211.32444070389664,-170.46959792893566,10,100
"CONTROL","PPO_MINUS_SINGLE_DOG_ONLY","p95_waiting_time",-695.7772801222989,-785.6518635304294,-609.4892553409933,10,100
"CONTROL","PPO_MINUS_SINGLE_DOG_ONLY","mean_flow_time",-204.053769190324,-224.6507278542284,-183.9763517626182,10,100
"CONTROL","PPO_MINUS_SINGLE_DOG_ONLY","p95_flow_time",-677.0951610280873,-766.4653569692483,-591.2434166275874,10,100
"CONTROL","PPO_MINUS_SINGLE_DOG_ONLY","distance_per_task",25.83843816152426,23.705264607165336,28.008825245269534,10,100
"NAVIGATION_FAILURE","PPO_MINUS_TIME_GREEDY_RULE","success_rate",0.0010875,-0.0029000000000000007,0.004949999999999998,10,100
"NAVIGATION_FAILURE","PPO_MINUS_TIME_GREEDY_RULE","reward",101.0206260295664,81.9145949848652,119.71620440422198,10,100
"NAVIGATION_FAILURE","PPO_MINUS_TIME_GREEDY_RULE","successful_throughput_tasks_per_hour",0.08227022224796178,-0.1886804512474456,0.3380442699958253,10,100
"NAVIGATION_FAILURE","PPO_MINUS_TIME_GREEDY_RULE","mean_waiting_time",-34.429833575275005,-40.521836288811826,-28.44578702922686,10,100
"NAVIGATION_FAILURE","PPO_MINUS_TIME_GREEDY_RULE","p95_waiting_time",-138.5100197144351,-165.4817063303789,-112.16656873118708,10,100
"NAVIGATION_FAILURE","PPO_MINUS_TIME_GREEDY_RULE","mean_flow_time",-33.38206862990075,-39.90275520378569,-26.991276791901978,10,100
"NAVIGATION_FAILURE","PPO_MINUS_TIME_GREEDY_RULE","p95_flow_time",-119.67143901641367,-146.6140938392515,-94.03277839183995,10,100
"NAVIGATION_FAILURE","PPO_MINUS_TIME_GREEDY_RULE","distance_per_task",-0.48560953878588137,-2.4707007107189876,1.5721729225358576,10,100
"NAVIGATION_FAILURE","PPO_MINUS_TIME_GREEDY_RULE","recovery_time_s",1.8344639114267371,-1.027352354444999,4.719703634735005,10,100
"NAVIGATION_FAILURE","PPO_MINUS_SINGLE_DOG_ONLY","success_rate",-0.004162500000000002,-0.0157,0.007888437499999984,10,100
"NAVIGATION_FAILURE","PPO_MINUS_SINGLE_DOG_ONLY","reward",592.5960708937969,537.5609878155882,651.5208391391083,10,100
"NAVIGATION_FAILURE","PPO_MINUS_SINGLE_DOG_ONLY","successful_throughput_tasks_per_hour",0.2169760718847753,-0.7104332422003875,1.16702370486722,10,100
"NAVIGATION_FAILURE","PPO_MINUS_SINGLE_DOG_ONLY","mean_waiting_time",-196.63575015744684,-218.28951189273096,-176.324061853253,10,100
"NAVIGATION_FAILURE","PPO_MINUS_SINGLE_DOG_ONLY","p95_waiting_time",-732.4735893524787,-828.5659629297222,-642.5398705297674,10,100
"NAVIGATION_FAILURE","PPO_MINUS_SINGLE_DOG_ONLY","mean_flow_time",-209.88836324020048,-231.43191045469183,-189.06557128169456,10,100
"NAVIGATION_FAILURE","PPO_MINUS_SINGLE_DOG_ONLY","p95_flow_time",-709.9878324490569,-804.7236703955292,-619.8226117805948,10,100
"NAVIGATION_FAILURE","PPO_MINUS_SINGLE_DOG_ONLY","distance_per_task",26.463150861842287,24.4085872776759,28.534566941840545,10,100
"NAVIGATION_FAILURE","PPO_MINUS_SINGLE_DOG_ONLY","recovery_time_s",-11.62998096554826,-18.568822767668223,-4.76871177829396,10,100
"STAIR_OUTAGE","PPO_MINUS_TIME_GREEDY_RULE","success_rate",0.00047500000000000054,-0.0018253125000000049,0.0028875000000000003,10,100
"STAIR_OUTAGE","PPO_MINUS_TIME_GREEDY_RULE","reward",94.4395879711163,75.72868606003199,112.93547162268915,10,100
"STAIR_OUTAGE","PPO_MINUS_TIME_GREEDY_RULE","successful_throughput_tasks_per_hour",0.02583865482587435,-0.13240008614258938,0.17111748027176688,10,100
"STAIR_OUTAGE","PPO_MINUS_TIME_GREEDY_RULE","mean_waiting_time",-32.16148939323898,-37.94829492324336,-26.379493063670225,10,100
"STAIR_OUTAGE","PPO_MINUS_TIME_GREEDY_RULE","p95_waiting_time",-129.7613673775982,-155.87512990191257,-104.62971092447344,10,100
"STAIR_OUTAGE","PPO_MINUS_TIME_GREEDY_RULE","mean_flow_time",-31.12500498733772,-37.286683140272224,-24.683886745548506,10,100
"STAIR_OUTAGE","PPO_MINUS_TIME_GREEDY_RULE","p95_flow_time",-112.26820457010571,-137.30153215503083,-88.49959046955664,10,100
"STAIR_OUTAGE","PPO_MINUS_TIME_GREEDY_RULE","distance_per_task",-0.4002994805453533,-2.47791548067259,1.748957006578741,10,100
"STAIR_OUTAGE","PPO_MINUS_TIME_GREEDY_RULE","recovery_time_s",-0.7020913716943229,-2.4829039172299945,0.9836982376049607,10,100
"STAIR_OUTAGE","PPO_MINUS_SINGLE_DOG_ONLY","success_rate",0.0056000000000000025,-0.005299999999999997,0.017462500000000002,10,100
"STAIR_OUTAGE","PPO_MINUS_SINGLE_DOG_ONLY","reward",647.9608967361884,587.7850393282934,710.4183933573288,10,100
"STAIR_OUTAGE","PPO_MINUS_SINGLE_DOG_ONLY","successful_throughput_tasks_per_hour",1.0962464078182361,0.19124500243435613,2.0964911992689212,10,100
"STAIR_OUTAGE","PPO_MINUS_SINGLE_DOG_ONLY","mean_waiting_time",-213.9497619688695,-237.33189692974648,-191.64110131471276,10,100
"STAIR_OUTAGE","PPO_MINUS_SINGLE_DOG_ONLY","p95_waiting_time",-794.7691874811295,-900.2782510145477,-698.0202540862806,10,100
"STAIR_OUTAGE","PPO_MINUS_SINGLE_DOG_ONLY","mean_flow_time",-228.0493823529126,-251.5128909123203,-205.2281984598797,10,100
"STAIR_OUTAGE","PPO_MINUS_SINGLE_DOG_ONLY","p95_flow_time",-773.1483933757178,-877.7853627570041,-673.7773190107508,10,100
"STAIR_OUTAGE","PPO_MINUS_SINGLE_DOG_ONLY","distance_per_task",26.414785019598423,24.34017699873233,28.5173923279204,10,100
"STAIR_OUTAGE","PPO_MINUS_SINGLE_DOG_ONLY","recovery_time_s",-3.415359708125118,-8.857465833816631,1.6060446923496037,10,100
"ROBOT_OUTAGE","PPO_MINUS_TIME_GREEDY_RULE","success_rate",0.00048749999999999916,-0.0016753125000000064,0.002825000000000001,10,100
"ROBOT_OUTAGE","PPO_MINUS_TIME_GREEDY_RULE","reward",87.75874228202389,70.04388342192885,105.07188276884027,10,100
"ROBOT_OUTAGE","PPO_MINUS_TIME_GREEDY_RULE","successful_throughput_tasks_per_hour",0.017016999206210366,-0.11741375813762128,0.14847843361363036,10,100
"ROBOT_OUTAGE","PPO_MINUS_TIME_GREEDY_RULE","mean_waiting_time",-29.76100572184694,-34.99678676750161,-24.381313233965546,10,100
"ROBOT_OUTAGE","PPO_MINUS_TIME_GREEDY_RULE","p95_waiting_time",-122.65416119689652,-147.98117659134195,-99.09909131707431,10,100
"ROBOT_OUTAGE","PPO_MINUS_TIME_GREEDY_RULE","mean_flow_time",-28.720592396781083,-34.51516205391223,-22.816105094165586,10,100
"ROBOT_OUTAGE","PPO_MINUS_TIME_GREEDY_RULE","p95_flow_time",-104.39638838537279,-128.5392363118891,-80.97376286937843,10,100
"ROBOT_OUTAGE","PPO_MINUS_TIME_GREEDY_RULE","distance_per_task",-0.4987519590008089,-2.474096689709701,1.576820967833751,10,100
"ROBOT_OUTAGE","PPO_MINUS_TIME_GREEDY_RULE","recovery_time_s",0.4763295164409809,-1.542486163234637,2.425857245513607,10,100
"ROBOT_OUTAGE","PPO_MINUS_SINGLE_DOG_ONLY","success_rate",0.003487499999999997,-0.006737812500000008,0.014650312499999995,10,100
"ROBOT_OUTAGE","PPO_MINUS_SINGLE_DOG_ONLY","reward",603.2399877319439,542.3246540462723,666.0855500588266,10,100
"ROBOT_OUTAGE","PPO_MINUS_SINGLE_DOG_ONLY","successful_throughput_tasks_per_hour",0.8557805022415201,0.02982759785668601,1.7816877422309814,10,100
"ROBOT_OUTAGE","PPO_MINUS_SINGLE_DOG_ONLY","mean_waiting_time",-198.84121927088168,-222.03131513301585,-176.516338423977,10,100
"ROBOT_OUTAGE","PPO_MINUS_SINGLE_DOG_ONLY","p95_waiting_time",-746.9720358329276,-851.7419259697615,-649.8844912922522,10,100
"ROBOT_OUTAGE","PPO_MINUS_SINGLE_DOG_ONLY","mean_flow_time",-212.19138703215827,-235.8136657878222,-189.9915199436452,10,100
"ROBOT_OUTAGE","PPO_MINUS_SINGLE_DOG_ONLY","p95_flow_time",-727.7434000059549,-830.5614362240898,-630.2423683351144,10,100
"ROBOT_OUTAGE","PPO_MINUS_SINGLE_DOG_ONLY","distance_per_task",25.666621518418637,23.681276567160182,27.703137703448316,10,100
"ROBOT_OUTAGE","PPO_MINUS_SINGLE_DOG_ONLY","recovery_time_s",-3.983895695766767,-8.641426261186016,0.4615988429534279,10,100
