"scenario","method","metric","mean","std","sample_count"
"CONTROL","PPO","success_rate",0.9674,0.01936788876246235,1000
"CONTROL","PPO","reward",-257.4275537830069,172.33029595788707,1000
"CONTROL","PPO","successful_throughput_tasks_per_hour",68.59959483778698,8.143226375659925,1000
"CONTROL","PPO","mean_waiting_time",105.2816000211608,57.541294479053725,1000
"CONTROL","PPO","p95_waiting_time",446.38961459034704,183.90591722276167,1000
"CONTROL","PPO","mean_flow_time",149.50918273179047,57.65640682917578,1000
"CONTROL","PPO","p95_flow_time",497.3777025043323,175.88981178429876,1000
"CONTROL","PPO","distance_per_task",72.00440988430643,4.086164390778717,1000
"CONTROL","PPO","recovery_time_s",,,0
"CONTROL","TIME_GREEDY_RULE","success_rate",0.9672499999999999,0.018784059973576246,100
"CONTROL","TIME_GREEDY_RULE","reward",-352.74870896398386,213.12772268240522,100
"CONTROL","TIME_GREEDY_RULE","successful_throughput_tasks_per_hour",68.57873363395203,8.140121366727232,100
"CONTROL","TIME_GREEDY_RULE","mean_waiting_time",137.70259488966843,72.47449036919883,100
"CONTROL","TIME_GREEDY_RULE","p95_waiting_time",580.7977944264721,251.25400284188697,100
"CONTROL","TIME_GREEDY_RULE","mean_flow_time",180.9085879210785,72.56913151474544,100
"CONTROL","TIME_GREEDY_RULE","p95_flow_time",615.1140687889582,238.2852831172164,100
"CONTROL","TIME_GREEDY_RULE","distance_per_task",72.42475042970639,1.7572679806088047,100
"CONTROL","TIME_GREEDY_RULE","recovery_time_s",,,0
"CONTROL","SINGLE_DOG_ONLY","success_rate",0.9660000000000001,0.04891757652346744,100
"CONTROL","SINGLE_DOG_ONLY","reward",-839.4078578934276,408.8375973400724,100
"CONTROL","SINGLE_DOG_ONLY","successful_throughput_tasks_per_hour",67.91259388649576,7.404677618558663,100
"CONTROL","SINGLE_DOG_ONLY","mean_waiting_time",295.8554872686368,146.2225886475323,100
"CONTROL","SINGLE_DOG_ONLY","p95_waiting_time",1142.166894712646,552.8847734155057,100
"CONTROL","SINGLE_DOG_ONLY","mean_flow_time",353.56295192211445,145.9359427822112,100
"CONTROL","SINGLE_DOG_ONLY","p95_flow_time",1174.4728635324195,549.6795325065949,100
"CONTROL","SINGLE_DOG_ONLY","distance_per_task",46.16597172278215,1.4302453148001675,100
"CONTROL","SINGLE_DOG_ONLY","recovery_time_s",,,0
"NAVIGATION_FAILURE","PPO","success_rate",0.8869625000000001,0.03957819826024837,1000
"NAVIGATION_FAILURE","PPO","reward",-303.67661890653824,181.80800548470384,1000
"NAVIGATION_FAILURE","PPO","successful_throughput_tasks_per_hour",62.878928190103586,7.800106965130786,1000
"NAVIGATION_FAILURE","PPO","mean_waiting_time",111.64506947923762,61.61054938600537,1000
"NAVIGATION_FAILURE","PPO","p95_waiting_time",467.530019609611,193.90333271776186,1000
"NAVIGATION_FAILURE","PPO","mean_flow_time",157.0376492776383,61.71982856859804,1000
"NAVIGATION_FAILURE","PPO","p95_flow_time",520.1553235818104,186.07719334289294,1000
"NAVIGATION_FAILURE","PPO","distance_per_task",72.52130516676577,3.982439872304966,1000
"NAVIGATION_FAILURE","PPO","recovery_time_s",35.93448894467113,21.76829406235446,1000
"NAVIGATION_FAILURE","TIME_GREEDY_RULE","success_rate",0.8858750000000001,0.03862598271117565,100
"NAVIGATION_FAILURE","TIME_GREEDY_RULE","reward",-404.6972449361047,225.3351302764912,100
"NAVIGATION_FAILURE","TIME_GREEDY_RULE","successful_throughput_tasks_per_hour",62.79665796785562,7.805096044663473,100
"NAVIGATION_FAILURE","TIME_GREEDY_RULE","mean_waiting_time",146.07490305451265,78.07280681953536,100
"NAVIGATION_FAILURE","TIME_GREEDY_RULE","p95_waiting_time",606.040039324046,262.96896123424136,100
"NAVIGATION_FAILURE","TIME_GREEDY_RULE","mean_flow_time",190.41971790753902,78.09975554358493,100
"NAVIGATION_FAILURE","TIME_GREEDY_RULE","p95_flow_time",639.826762598224,249.63000505216687,100
"NAVIGATION_FAILURE","TIME_GREEDY_RULE","distance_per_task",73.00691470555167,1.5584519699434731,100
"NAVIGATION_FAILURE","TIME_GREEDY_RULE","recovery_time_s",34.10002503324439,21.839510226414177,100
"NAVIGATION_FAILURE","SINGLE_DOG_ONLY","success_rate",0.891125,0.055598641751813185,100
"NAVIGATION_FAILURE","SINGLE_DOG_ONLY","reward",-896.2726898003351,419.88417348577195,100
"NAVIGATION_FAILURE","SINGLE_DOG_ONLY","successful_throughput_tasks_per_hour",62.661952118218814,7.198087836201051,100
"NAVIGATION_FAILURE","SINGLE_DOG_ONLY","mean_waiting_time",308.2808196366844,151.62437915132227,100
"NAVIGATION_FAILURE","SINGLE_DOG_ONLY","p95_waiting_time",1200.0036089620894,589.9506345966579,100
"NAVIGATION_FAILURE","SINGLE_DOG_ONLY","mean_flow_time",366.92601251783867,151.24940850129576,100
"NAVIGATION_FAILURE","SINGLE_DOG_ONLY","p95_flow_time",1230.1431560308672,585.7223051723312,100
"NAVIGATION_FAILURE","SINGLE_DOG_ONLY","distance_per_task",46.05815430492349,1.5017894413263948,100
"NAVIGATION_FAILURE","SINGLE_DOG_ONLY","recovery_time_s",47.5644699102194,32.39803242468319,100
"STAIR_OUTAGE","PPO","success_rate",0.9672250000000001,0.01988894026701637,1000
"STAIR_OUTAGE","PPO","reward",-265.8258443885897,175.3441013043498,1000
"STAIR_OUTAGE","PPO","successful_throughput_tasks_per_hour",68.57722885486685,8.123453772229361,1000
"STAIR_OUTAGE","PPO","mean_waiting_time",107.69292730500916,58.57296853792304,1000
"STAIR_OUTAGE","PPO","p95_waiting_time",455.09373240495916,187.3994372020417,1000
"STAIR_OUTAGE","PPO","mean_flow_time",152.2841256564662,58.72825576137529,1000
"STAIR_OUTAGE","PPO","p95_flow_time",507.1796575356878,180.40967336541328,1000
"STAIR_OUTAGE","PPO","distance_per_task",73.36744000799858,4.184760483069294,1000
"STAIR_OUTAGE","PPO","recovery_time_s",32.69013790852932,18.25387170506833,1000
"STAIR_OUTAGE","TIME_GREEDY_RULE","success_rate",0.9667499999999998,0.019641676469829523,100
"STAIR_OUTAGE","TIME_GREEDY_RULE","reward",-360.26543235970604,215.27762626732928,100
"STAIR_OUTAGE","TIME_GREEDY_RULE","successful_throughput_tasks_per_hour",68.55139020004096,8.154377246581781,100
"STAIR_OUTAGE","TIME_GREEDY_RULE","mean_waiting_time",139.85441669824814,73.26700810559198,100
"STAIR_OUTAGE","TIME_GREEDY_RULE","p95_waiting_time",584.8550997825574,251.02235250036892,100
"STAIR_OUTAGE","TIME_GREEDY_RULE","mean_flow_time",183.4091306438039,73.36402095168063,100
"STAIR_OUTAGE","TIME_GREEDY_RULE","p95_flow_time",619.4478621057934,237.12458494550094,100
"STAIR_OUTAGE","TIME_GREEDY_RULE","distance_per_task",73.76773948854392,2.2987997426094906,100
"STAIR_OUTAGE","TIME_GREEDY_RULE","recovery_time_s",33.39222928022365,16.5663818430508,100
"STAIR_OUTAGE","SINGLE_DOG_ONLY","success_rate",0.9616250000000001,0.05573926381199371,100
"STAIR_OUTAGE","SINGLE_DOG_ONLY","reward",-913.7867411247782,446.97930828109435,100
"STAIR_OUTAGE","SINGLE_DOG_ONLY","successful_throughput_tasks_per_hour",67.4809824470486,7.298336465134207,100
"STAIR_OUTAGE","SINGLE_DOG_ONLY","mean_waiting_time",321.6426892738786,160.51850085683122,100
"STAIR_OUTAGE","SINGLE_DOG_ONLY","p95_waiting_time",1249.8629198860885,630.7510770847446,100
"STAIR_OUTAGE","SINGLE_DOG_ONLY","mean_flow_time",380.3335080093789,160.12437971730887,100
"STAIR_OUTAGE","SINGLE_DOG_ONLY","p95_flow_time",1280.3280509114056,625.0955809153068,100
"STAIR_OUTAGE","SINGLE_DOG_ONLY","distance_per_task",46.95265498840016,1.7033050416941773,100
"STAIR_OUTAGE","SINGLE_DOG_ONLY","recovery_time_s",36.105497616654446,25.07430165515673,100
"ROBOT_OUTAGE","PPO","success_rate",0.9678625,0.018954131551006316,1000
"ROBOT_OUTAGE","PPO","reward",-269.3424904158073,176.6045188979374,1000
"ROBOT_OUTAGE","PPO","successful_throughput_tasks_per_hour",68.62128038462117,8.151902470635795,1000
"ROBOT_OUTAGE","PPO","mean_waiting_time",108.97245700268782,59.03640014466506,1000
"ROBOT_OUTAGE","PPO","p95_waiting_time",452.83554340472045,185.00766373360224,1000
"ROBOT_OUTAGE","PPO","mean_flow_time",153.37117396490748,59.106660051863216,1000
"ROBOT_OUTAGE","PPO","p95_flow_time",504.5765316366091,177.12506280332587,1000
"ROBOT_OUTAGE","PPO","distance_per_task",71.86572929721564,3.9905841189215434,1000
"ROBOT_OUTAGE","PPO","recovery_time_s",33.45961938295262,18.871601856967082,1000
"ROBOT_OUTAGE","TIME_GREEDY_RULE","success_rate",0.9673749999999999,0.018369025174423008,100
"ROBOT_OUTAGE","TIME_GREEDY_RULE","reward",-357.1012326978312,210.80400209699346,100
"ROBOT_OUTAGE","TIME_GREEDY_RULE","successful_throughput_tasks_per_hour",68.60426338541498,8.14903620909495,100
"ROBOT_OUTAGE","TIME_GREEDY_RULE","mean_waiting_time",138.73346272453475,71.9444173749721,100
"ROBOT_OUTAGE","TIME_GREEDY_RULE","p95_waiting_time",575.4897046016171,243.28474316649599,100
"ROBOT_OUTAGE","TIME_GREEDY_RULE","mean_flow_time",182.09176636168854,71.96485648691373,100
"ROBOT_OUTAGE","TIME_GREEDY_RULE","p95_flow_time",608.9729200219818,231.44542172846005,100
"ROBOT_OUTAGE","TIME_GREEDY_RULE","distance_per_task",72.36448125621646,1.633119754744494,100
"ROBOT_OUTAGE","TIME_GREEDY_RULE","recovery_time_s",32.98328986651163,18.176578122923846,100
"ROBOT_OUTAGE","SINGLE_DOG_ONLY","success_rate",0.964375,0.05253591244053535,100
"ROBOT_OUTAGE","SINGLE_DOG_ONLY","reward",-872.5824781477511,434.8340909473249,100
"ROBOT_OUTAGE","SINGLE_DOG_ONLY","successful_throughput_tasks_per_hour",67.76549988237966,7.352192712709889,100
"ROBOT_OUTAGE","SINGLE_DOG_ONLY","mean_waiting_time",307.8136762735695,156.02223816808194,100
"ROBOT_OUTAGE","SINGLE_DOG_ONLY","p95_waiting_time",1199.8075792376483,614.8266169475739,100
"ROBOT_OUTAGE","SINGLE_DOG_ONLY","mean_flow_time",365.56256099706576,155.6160152927883,100
"ROBOT_OUTAGE","SINGLE_DOG_ONLY","p95_flow_time",1232.3199316425637,610.8404003105405,100
"ROBOT_OUTAGE","SINGLE_DOG_ONLY","distance_per_task",46.199107778797,1.6157922434776615,100
"ROBOT_OUTAGE","SINGLE_DOG_ONLY","recovery_time_s",37.44351507871938,23.252283224353455,100
